{"edgeType":"kCircularArcCurve","center":[-2.687005768508882,2.6870057685088806,1.0],"axisVector":[0.0,0.0,-1.0],"refVector":[0.70710678118654846,-0.70710678118654657,0.0],"raduis":0.70000000000000018,"startAngle":0.0,"sweepAngle":3.1415926535897931}
{"edgeType":"kLineSegmentCurve","startPoint":[-2.1920310216782979,2.1920310216782979,1.0],"endPoint":[-2.1920310216782979,2.1920310216782979,0.5]}
{"edgeType":"kCircularArcCurve","center":[-2.687005768508882,2.6870057685088806,0.5],"axisVector":[0.0,0.0,-1.0],"refVector":[0.70710678118654846,-0.70710678118654657,0.0],"raduis":0.70000000000000018,"startAngle":0.0,"sweepAngle":3.1415926535897931}
{"edgeType":"kLineSegmentCurve","startPoint":[-3.1819805153394642,3.1819805153394647,1.0],"endPoint":[-3.1819805153394642,3.1819805153394647,0.5]}
{"edgeType":"kCircularArcCurve","center":[-2.2204460492503131E-16,-1.3322676295501879E-15,1.0],"axisVector":[0.0,0.0,1.0],"refVector":[0.70710678118654746,0.70710678118654757,0.0],"raduis":3.1000000000000014,"startAngle":0.0,"sweepAngle":1.5707963267948961}
{"edgeType":"kLineSegmentCurve","startPoint":[2.1920310216782983,2.1920310216782974,1.0],"endPoint":[2.1920310216782983,2.1920310216782974,0.5]}
{"edgeType":"kCircularArcCurve","center":[-2.2204460492503131E-16,-1.3322676295501879E-15,0.5],"axisVector":[0.0,0.0,1.0],"refVector":[0.70710678118654746,0.70710678118654757,0.0],"raduis":3.1000000000000014,"startAngle":0.0,"sweepAngle":1.5707963267948961}
{"edgeType":"kCircularArcCurve","center":[2.687005768508882,2.6870057685088797,1.0],"axisVector":[0.0,0.0,-0.99999999999999978],"refVector":[0.7071067811865468,0.70710678118654813,0.0],"raduis":0.69999999999999929,"startAngle":0.0,"sweepAngle":3.1415926535897931}
{"edgeType":"kLineSegmentCurve","startPoint":[3.1819805153394642,3.1819805153394629,1.0],"endPoint":[3.1819805153394642,3.1819805153394629,0.5]}
{"edgeType":"kCircularArcCurve","center":[2.687005768508882,2.6870057685088797,0.5],"axisVector":[0.0,0.0,-0.99999999999999978],"refVector":[0.7071067811865468,0.70710678118654813,0.0],"raduis":0.69999999999999929,"startAngle":0.0,"sweepAngle":3.1415926535897931}
{"edgeType":"kCircularArcCurve","center":[-8.8817841970012523E-16,-6.6613381477509392E-15,1.0],"axisVector":[0.0,0.0,-1.0000000000000004],"refVector":[-0.7071067811865468,0.70710678118654857,0.0],"raduis":4.5000000000000044,"startAngle":0.0,"sweepAngle":1.5707963267948946}
{"edgeType":"kCircularArcCurve","center":[-8.8817841970012523E-16,-6.6613381477509392E-15,0.5],"axisVector":[0.0,0.0,-1.0000000000000004],"refVector":[-0.7071067811865468,0.70710678118654857,0.0],"raduis":4.5000000000000044,"startAngle":0.0,"sweepAngle":1.5707963267948946}
{"edgeType":"kEllipticalArcCurve","center":[-6.1458428201429189,3.5812318970918184,1.2854992112560351],"majorAxis":[0.1383514815759738,-0.69343988026773673,0.70710678118654746],"minorAxis":[-0.98067208336500833,-0.1956585416191535,3.9252311467094379E-17],"minorRaduis":0.5,"majorRaduis":0.70710678118654746,"startAngle":2.1785178460922845,"sweepAngle":1.9261496149950146}
{"edgeType":"kCircularArcCurve","center":[-6.1458428201429207,3.581231897091818,1.0],"axisVector":[0.0,0.0,-1.0],"refVector":[0.69336316244788976,0.72058831863988826,0.0],"raduis":0.50000000000000111,"startAngle":0.0,"sweepAngle":4.3570356921845725}
{"edgeType":"kCircleCurve","center":[-6.1458428201429189,3.5812318970918184,0.0],"axisVector":[0.0,0.0,1.0],"raduis":0.5}
{"edgeType":"kLineSegmentCurve","startPoint":[-5.7991612389189751,3.9415260564117629,1.0],"endPoint":[6.8670839588242938,6.4686287497782677,1.0]}
{"edgeType":"kLineSegmentCurve","startPoint":[7.6520975005701493,7.6449593747624291,0.0],"endPoint":[6.8670839588242938,6.4686287497782677,1.0]}
{"edgeType":"kLineSegmentCurve","startPoint":[7.6520975005701493,7.6449593747624291,0.0],"endPoint":[-10.0,4.1231056256176677,0.0]}
{"edgeType":"kLineSegmentCurve","startPoint":[-10.0,4.1231056256176677,0.0],"endPoint":[-8.82366937501584,3.3380920838718127,1.0]}
{"edgeType":"kLineSegmentCurve","startPoint":[-8.82366937501584,3.3380920838718127,1.0],"endPoint":[-6.6042451199824139,3.780899950374919,1.0]}
{"edgeType":"kBSplineCurve","pole":[9.7294408764523634,-2.7670197774499585,1.6653345369377348E-15,9.71089524314148,-2.6740660801270519,1.6653345369377348E-15,9.71123484303417,-2.5793477529960986,-6.2168889117095944E-14,9.7403683532571232,-2.4114700784352858,-6.2175352161325789E-14,9.76309319048117,-2.339116128336967,-1.61247698093611E-12,9.8246473291284353,-2.1976425092596568,-1.6124993285409046E-12,9.8641010068741277,-2.1288263410956061,-2.9976021664879227E-15,9.9090962695917924,-2.0641271427505088,-2.9976021664879227E-15],"knots":[0.0,0.0,0.0,0.0,0.28435712273143893,0.28435712273143893,0.5104663787764927,0.5104663787764927,0.74623890372578217,0.74623890372578217,0.74623890372578217,0.74623890372578217],"weights":[0.0,0.0,0.0,0.0,0.0,0.0]}
{"edgeType":"kBSplineCurve","pole":[9.9090962695917924,-2.0641271427505106,1.0095554103513711E-15,9.7060368988349559,-2.1239663471480532,0.22957049699342866,9.4994258026436054,-2.1730642413586172,0.4619174323429539,9.2911323725474571,-2.2110322632075103,0.695301627905929,9.2006169077084614,-2.2275315505114035,0.79672047216667508,9.1097849998188725,-2.2419318462378786,0.89833465443429439,9.0187947408119644,-2.2542147632096348,1.0000000000000009],"knots":[1.3760399455891303,1.3760399455891303,1.3760399455891303,1.3760399455891303,1.498630430134074,1.498630430134074,1.498630430134074,1.5519030402605734,1.5519030402605734,1.5519030402605734,1.5519030402605734],"weights":[0.0,0.0,0.0,0.0,0.0,0.0]}
{"edgeType":"kBSplineCurve","pole":[9.0187947408119626,-2.2542147632096334,0.99999999999999667,8.9398877288556715,-2.340105679250414,0.99999999999999667,8.8719145287030585,-2.4367011006809034,1.0000000002467049,8.7886944239164713,-2.6180302491253062,1.0000000002467049,8.7642507843419075,-2.6976522609892917,1.0000000000054521,8.7422733899905225,-2.8598242692172251,1.0000000000054521,8.7442677604979391,-2.9401184197146977,1.0000000000000007,8.760029253254519,-3.0191175567348632,1.0000000000000007],"knots":[0.0,0.0,0.0,0.0,0.34990297790637842,0.34990297790637842,0.59986352589777947,0.59986352589777947,0.84244422232783578,0.84244422232783578,0.84244422232783578,0.84244422232783578],"weights":[0.0,0.0,0.0,0.0,0.0,0.0]}
{"edgeType":"kEllipticalArcCurve","center":[7.9423907888180132,1.584624080841843,0.9010738415586792],"majorAxis":[0.69343988026773629,0.1383514815759738,-0.70710678118654779],"minorAxis":[-0.19565854161915389,0.98067208336500833,-2.6048398615983819E-16],"minorRaduis":4.6754366208739153,"majorRaduis":8.0980937749217823,"startAngle":4.69511211511234,"sweepAngle":0.17529299065717652}
{"edgeType":"kCircularArcCurve","center":[5.3936964585075442,1.0761219789053422,7.447918134129496E-16],"axisVector":[1.191519672836435E-16,9.4898414355252963E-17,1.0],"refVector":[0.8209817838334994,-0.57095438575560942,-4.3638928770411635E-17],"raduis":5.5000000000000018,"startAngle":0.0,"sweepAngle":1.6091936102168494}
{"edgeType":"kBSplineCurve","pole":[7.4632116174530188,5.5426180753037659,1.0000000000000002,7.5519488653797646,5.5661934462266949,0.898334654432563,7.6413524382826452,5.5877527866702437,0.79672047216321529,7.73126929231487,5.6072524076355883,0.69530162790074912,7.9381852042276435,5.65212477219309,0.4619174323395156,8.14783556003012,5.6860756295472266,0.22955212863152189,8.3582944634276011,5.7087409648812066,-9.6148134319178191E-17],"knots":[-1.5519030402605738,-1.5519030402605738,-1.5519030402605738,-1.5519030402605738,-1.4986304301331674,-1.4986304301331674,-1.4986304301331674,-1.3760399455891306,-1.3760399455891306,-1.3760399455891306,-1.3760399455891306],"weights":[0.0,0.0,0.0,0.0,0.0,0.0]}
{"edgeType":"kCircularArcCurve","center":[5.3936964585075469,1.0761219789053431,1.0000000000000004],"axisVector":[-8.860718605863244E-17,-5.8371324967786183E-17,-0.99999999999999989],"refVector":[0.42040674679585316,0.90733575221553309,-9.0213448881108163E-17],"raduis":4.9226497308103747,